,s_song_id,album_release_date,artist_id,artist_name,duration_ms,explicit,linked_album,song_title
163,2xfcxlx0QRbqUhpVidqmOU,2013-05-28,1xlkcCr7PNHw2dRG1Gm6YF,Ron White,322322.0,True,A Little Unprofessional,L.A. Beautiful/You're Beautiful/The Yellow Blur
708,5LMcncchvV1jYHMG4hviSN,1998-04-04,0NnoRcD3WkqC9aouHyE8YY,Trey Parker,153026.0,False,Cannibal! The Musical (Original Motion Picture Soundtrack),Overture
760,1LhC7Qvwpv5ze4YYsCAOjP,2017-09-22,1Bd4UVlqlaKEXYRG3wgrCK,Steve Martin,224253.0,False,“The Long-Awaited Album”,All Night Long
844,7G6u98RMlPhg5zH7j2XuNI,1989-01-01,1KrDd8tfcITeBIHGXXIx4s,Andrew Dice Clay,207093.0,False,Dice,Mother Goose
867,2zUGFRIfBfmbDSHuM23kE4,2013-05-28,1xlkcCr7PNHw2dRG1Gm6YF,Ron White,271438.0,True,A Little Unprofessional,Roller Coaster/Ok to Be Gay/Pornucopia/Gay Exec
894,1uOocLM5g6NQNcVdXmP5Tl,2000-08-29,2v7Q2VJ6Xo1rwwhfJ6piQw,Bob Rivers,199333.0,False,Chipmunks Roasting On An Open Fire,Chipmunks Roasting On An Open Fire
932,5BqLHo7edsSPdPCkt9shOk,2006-04-01,5alRKXufstWwyHsyQbpi9n,George Carlin,426080.0,True,Life Is Worth Losing,The Suicide Guy
1465,2pFgpKkRGImFcwgLf87hg5,2010-03-26,4OrieSJUghNfNx5UuPCgxF,Robin Williams,646280.0,True,Weapons Of Self Destruction,"Drugs, Alcoholism, And More Drugs - Explicit Audio"
1730,3LRGJ97WvYoD99lDgtcIFJ,1959-01-01,5iNvbRVX9W8t1RpD2SHpAO,Tom Lehrer,86453.0,False,More Of Tom Lehrer,The Elements (Music By Sir Arthur Sullivan)
1744,2WpkiqZYX7yN93WDgog6hj,2016-01-04,1enLi8njBlk1YlDg44MtJm,Allan Sherman,157996.0,False,Allan Sherman Nutty but Nice,Downtown
1793,3rK8rvri4R1VSslIwbdDWc,2009-05-19,6RAiPa076RxBeTBxWO8Xfh,Dane Cook,112426.0,True,ISolated INcident,Self Assassination
1842,3GLEUHBEEWQIOsbUx9Idhy,2011-01-01,5ugjlc51azqrMoBLLbOnIg,The Smothers Brothers,270893.0,False,"Golden Hits Of The Smothers Brothers, Vol. 2",My Old Man
1883,5YDTmH5RnJURKI4giPqmql,1997-01-01,1dHjpeh9OKBf1Jfg8dmO1T,Denis Leary,103133.0,True,Lock 'N Load,Life's Gonna Suck
1912,793L0u7mV5wcBCdOSpNKMU,2011-01-01,5ugjlc51azqrMoBLLbOnIg,The Smothers Brothers,285000.0,False,Mom Always Liked You Best!,Mom Always Liked You Best
2038,24EslHtGXHUK67OHNuEvs0,2009-10-02,1sCa5KANHoHo4NuGextoI9,Bill Engvall,277440.0,False,Aged And Confused (Standard),Zip Line
2329,6TrwtGYiYKWE6ll7p03jbx,2009-05-19,6RAiPa076RxBeTBxWO8Xfh,Dane Cook,225226.0,True,ISolated INcident,Obama
2347,1tLgd1QR73oH66JLdS9fWc,2010-11-15,2iVKGetYUZQElKZKWECyF4,Larry The Cable Guy,803026.0,False,The Best Of Larry The Cable Guy,Intro / My Family Is Weird / My Sister Is Covered With Moles
2410,0ccllnXp7eTzhgPwotvDla,2013-01-01,1Bd4UVlqlaKEXYRG3wgrCK,Steve Martin,195106.0,False,Love Has Come For You,When You Get To Asheville
2439,0yE1hIgt4v8Gs4t9YmD55d,1990-01-01,7r0Otd9dEStSVIxJ02ml5a,The Simpsons,266866.0,False,The Simpsons Sing The Blues,"Deep, Deep Trouble"
2508,5Vtbm6lMpjXDlwNU8stWQm,1978,0TorzrcTerTn7l5q9LVjmt,Cheech & Chong,185200.0,False,Up In Smoke (Motion Picture Soundtrack) [40th Anniversary Edition],Rock Fight
2863,3f8c5jKjauG0MXTVYNuSjl,2010-03-26,4OrieSJUghNfNx5UuPCgxF,Robin Williams,405613.0,True,Weapons Of Self Destruction,The Summer Olympics And Athletics - Explicit Audio
2940,4BZo9zSqVl55H3zEuQKbkc,2005-02-08,1enLi8njBlk1YlDg44MtJm,Allan Sherman,161933.0,False,My Name Is Allan,The Drinking Man's Diet
3014,7A66aCj8x4qcrQsL0tvsxr,1993-01-01,1dHjpeh9OKBf1Jfg8dmO1T,Denis Leary,243106.0,False,No Cure For Cancer,Rehab
3078,4Fqy9flQArJZ0vzbXMNgcG,2011-01-01,5ugjlc51azqrMoBLLbOnIg,The Smothers Brothers,623746.0,False,"Golden Hits Of The Smothers Brothers, Vol. 2",Cabbage
3225,21XWADAwjB3mHHcWYi8qtD,2008-04-20,4eQeZFlDU3froIAkzS6vnC,Jerry Seinfeld,203026.0,False,Jerry Seinfeld on Comedy,Observations
3298,0RrgtqON7tAfx9RDiiVDrs,2013-05-28,1xlkcCr7PNHw2dRG1Gm6YF,Ron White,279779.0,True,A Little Unprofessional,Get in Shape/All Dogs Go to Heaven/Bin Laden/Pearl
3405,62aZkYAxylijBJXs0rq1lM,1994,2v7Q2VJ6Xo1rwwhfJ6piQw,Bob Rivers,115933.0,False,Bob Rivers & Twisted Radio - Twisted Christmas Boxed Set,Walkin' 'Round in Women's Underwear
3655,6RHrQuUrdu0qGym6dzG0Q2,2000-01-01,1KrDd8tfcITeBIHGXXIx4s,Andrew Dice Clay,44533.0,True,Face Down Ass Up,"Home Or Office, You Decide"
3915,2ILOKStuQTILjVsb1icklE,2010-01-01,5iNvbRVX9W8t1RpD2SHpAO,Tom Lehrer,160760.0,False,The Rest Of Tom Lehrer,We Will All Go Together When We Go
3987,1z5pB3mPwfn3lEqB4O9loE,1994,2v7Q2VJ6Xo1rwwhfJ6piQw,Bob Rivers,221640.0,False,Bob Rivers & Twisted Radio - Twisted Christmas Boxed Set,The Twelve Pains Of Christmas
4042,7byBS1WpvQgfU6CekQgFnA,2009-10-02,1sCa5KANHoHo4NuGextoI9,Bill Engvall,170533.0,False,Aged And Confused (Standard),Game Night
4274,4ZACbQfI7CkaVVRHDkfR3K,2017-09-22,1Bd4UVlqlaKEXYRG3wgrCK,Steve Martin,191813.0,False,“The Long-Awaited Album”,Santa Fe
4381,6EIam6yR442jksXl8paNdP,1995-05-02,5alRKXufstWwyHsyQbpi9n,George Carlin,222200.0,False,Killer Carlin,War Pictures
4610,2c8wq63BRM6bB0zOtmmCWl,1975,0zokIKbH4c7crvZP9Xel1Y,Richard Pryor,426040.0,True,That Nigger's Crazy,Wino & Junkie - Remastered Version
4636,2QIdOxW9absLgEZ99m7gb8,2006-01-09,1Zq8pfBl4ejCMrWdeAdphc,Eddie Murphy,213600.0,False,Dreamgirls (Music from the Motion Picture),Patience
4697,2XxOwj801fKJlK5GMBJt8F,2010-03-26,4OrieSJUghNfNx5UuPCgxF,Robin Williams,517200.0,True,Weapons Of Self Destruction,"Bush, Cheney, And The Obamas - Explicit Audio"
4727,2A5iUSIrZaYx1nhvXKnZTw,2007-01-01,1Zq8pfBl4ejCMrWdeAdphc,Eddie Murphy,278986.0,False,Shrek The Third,Thank You (Falletin' Me Be Mice Elf Again)
4896,4J3jXKUqt1S01SoWAeQK8g,2017-09-29,2iVKGetYUZQElKZKWECyF4,Larry The Cable Guy,141913.0,False,We've Been Thinking,Dieting and Buffets
4930,1cG9lukF0NNXTmcYJLmTS7,2009-05-19,6RAiPa076RxBeTBxWO8Xfh,Dane Cook,109000.0,True,ISolated INcident,Pissed Off
4972,63TDxVnw6z4V6f7wCmL5ri,2001,49mU7Sl98U8MkECsd6zVq0,Bob Newhart,304733.0,False,Something Like This...The Bob Newhart Anthology,The Cruise Of The U.S.S. Codfish
5050,2XgEnELx1hvVMBL4Ny6f0B,2009-05-19,6RAiPa076RxBeTBxWO8Xfh,Dane Cook,260786.0,True,ISolated INcident,W.W.Y.D.I.??
5069,5gkxhWdMsyCrCuqmd1gkmX,1990-01-01,1KrDd8tfcITeBIHGXXIx4s,Andrew Dice Clay,185360.0,True,The Day The Laughter Died,Texas - Live At Dangerfield's/1989
5352,70ch3HjsgE5oVxaksExh6X,2010-03-26,4OrieSJUghNfNx5UuPCgxF,Robin Williams,359453.0,True,Weapons Of Self Destruction,"Arnold, The Economy, And Alternative Fuels - Explicit Audio"
5505,217utbgUfefdiUcB6ZeD4t,2008-04-01,5alRKXufstWwyHsyQbpi9n,George Carlin,64346.0,True,It's Bad For Ya,A Couple of Other Questions
5542,0E9WRXj7Po0Rh8G4QVpzO3,1998-04-04,0NnoRcD3WkqC9aouHyE8YY,Trey Parker,189226.0,False,Cannibal! The Musical (Original Motion Picture Soundtrack),Hang the Bastard
5980,4l5va4b1XZQLjWG2U4JlHY,2015-01-01,2iVKGetYUZQElKZKWECyF4,Larry The Cable Guy,92946.0,False,Walt Disney Records The Legacy Collection: Disneyland,Welcome to Radiator Springs - From Cars Land (Area Music)
6168,6NF5a7Q6VPbvPCeHl3aNOC,1982,0zokIKbH4c7crvZP9Xel1Y,Richard Pryor,382960.0,True,Live On The Sunset Strip,"Prison (Remastered) - Live at Circle Star Theatre, San Carlos, CA. 12/81"
6231,2WyWtfTKCbvRk8SxWcwoPk,1994,2v7Q2VJ6Xo1rwwhfJ6piQw,Bob Rivers,201960.0,False,Bob Rivers & Twisted Radio - Twisted Christmas Boxed Set,I Am Santa Claus
6255,7rhcSlt2YG5X8uTdN0o0lk,1959-01-01,5iNvbRVX9W8t1RpD2SHpAO,Tom Lehrer,159466.0,False,An Evening Wasted With Tom Lehrer,Poisoning Pigeons In The Park
6276,1XwcrSDpLqQjs7OAUpcBTG,1975,0zokIKbH4c7crvZP9Xel1Y,Richard Pryor,239493.0,True,...Is It Something I Said?,New Niggers - Remastered
6285,0qyhuQoLKGn8L1v8SIekMl,2011-01-01,5ugjlc51azqrMoBLLbOnIg,The Smothers Brothers,396146.0,False,"Golden Hits Of The Smothers Brothers, Vol. 2","Michael, Row The Boat Ashore"
6415,5V8GdzNrkcyyUs2NaBiWDL,1971,1enLi8njBlk1YlDg44MtJm,Allan Sherman,76928.0,False,The Cat in the Hat (Songs from the Cat in the Hat),"Sweep, Sweep Up the Memories"
6477,5iu8Q2ioUM0eq3IHXouTG9,2017-09-29,7zOcRYg1BYXpwr71XTWNr7,Jeff Foxworthy,166096.0,False,We've Been Thinking,Women Have Questions
6480,7pNSU1i0u2cSI2Eo4WKHdu,1998-04-04,0NnoRcD3WkqC9aouHyE8YY,Trey Parker,206573.0,False,Cannibal! The Musical (Original Motion Picture Soundtrack),This Side of Me
6495,4bsKq1IYsd4lt3UsegYigL,1985,0TorzrcTerTn7l5q9LVjmt,Cheech & Chong,292826.0,False,Get Out Of My Room,Born In East L.A.
6575,195feLuw6nZ1RP3OIS4nMy,2010-11-22,6RAiPa076RxBeTBxWO8Xfh,Dane Cook,202066.0,True,I Did My Best - Greatest Hits,Creepy Guy @ Work
6611,2mBGr39aKvZsavj72I4mDv,1989-01-01,1KrDd8tfcITeBIHGXXIx4s,Andrew Dice Clay,99733.0,False,Dice,What If The Chick Gets Pregnant...
6889,1CBUKJaS4RFJ10yscfAGzK,1964,5ugjlc51azqrMoBLLbOnIg,The Smothers Brothers,311800.0,False,It Must Have Been Something I Said!,Crabs Walk Sideways
7062,5VecMLA2RrjfBAP2hqvLVa,1965-01-01,5iNvbRVX9W8t1RpD2SHpAO,Tom Lehrer,106600.0,False,That Was The Year That Was,Wernher Von Braun
7264,3kdTYrrB4Y96uSqDLcQLhG,2010-03-26,4OrieSJUghNfNx5UuPCgxF,Robin Williams,287386.0,True,Weapons Of Self Destruction,Hybrids And Animals - Explicit Audio
7352,5lb2hb0JDvdZljWg7OOXJ9,1976,0TorzrcTerTn7l5q9LVjmt,Cheech & Chong,166920.0,False,Sleeping Beauty,Framed
7522,5bMAsV5k1RlcwRwLZ6iy0f,1993-01-01,1dHjpeh9OKBf1Jfg8dmO1T,Denis Leary,119533.0,False,No Cure For Cancer,Traditional Irish Folk Song
7544,3Z2ESzCngqxH1ssyJO8uOL,1989-01-01,1KrDd8tfcITeBIHGXXIx4s,Andrew Dice Clay,158040.0,False,Dice,A Day At The Beach
7593,2fsb2lU00tl5QtV3rLr08w,2010-11-15,2iVKGetYUZQElKZKWECyF4,Larry The Cable Guy,338213.0,False,The Best Of Larry The Cable Guy,That's Embarrassing / Home Depot
7635,1OGTCJ9ecZGIoCHpndyZlg,2013-05-28,1xlkcCr7PNHw2dRG1Gm6YF,Ron White,355855.0,True,A Little Unprofessional,Fly to Vegas
7644,2ULmjTNKicNAC0HAyYa47y,2009-05-19,6RAiPa076RxBeTBxWO8Xfh,Dane Cook,34506.0,True,ISolated INcident,Banter #1
7668,1n45dXg0FBnGd6K4Oi48oX,2018-04-17,5ugjlc51azqrMoBLLbOnIg,The Smothers Brothers,166923.0,False,"Just for Laughs: Classics, Vol. 4 (Late '90s)",Introduction (Jfl 1997)
7769,6y7RVppORi3lwifN5yEkKf,2001,49mU7Sl98U8MkECsd6zVq0,Bob Newhart,368000.0,False,Something Like This...The Bob Newhart Anthology,Introducing Tobacco To Civilization
7927,4P1pB7hidVtuERa38Guxeu,1990-01-01,7r0Otd9dEStSVIxJ02ml5a,The Simpsons,230893.0,False,The Simpsons Sing The Blues,Look At All Those Idiots
7938,3QaqMUVHFvl8wpGdNgyABt,1965-01-01,5iNvbRVX9W8t1RpD2SHpAO,Tom Lehrer,268680.0,False,That Was The Year That Was,New Math
7971,6kmybPibuzGQMgj0gpfKIK,2007-02-27,1sCa5KANHoHo4NuGextoI9,Bill Engvall,113026.0,False,15° Off Cool (U.S. Version),Slim Jims
8153,68fJgvgivIETQTdRa3BRpX,1965-01-01,5iNvbRVX9W8t1RpD2SHpAO,Tom Lehrer,155693.0,False,That Was The Year That Was,National Brotherhood Week
8215,2ppi3hogNlyCQtu5Csl8oE,2008-04-20,4eQeZFlDU3froIAkzS6vnC,Jerry Seinfeld,202640.0,False,Jerry Seinfeld on Comedy,Technique
8281,4J7hGI5p4E7m7dXrATLanB,2008-04-01,5alRKXufstWwyHsyQbpi9n,George Carlin,68986.0,True,It's Bad For Ya,Parents in Hell
8540,5C5fbaUGgYpEskIS9xrkiR,1988-06-15,39DCa96o1cTaN0uxasrhk1,Sam Kinison,265506.0,False,Have You Seen Me Lately?,Wild Thing
8577,6XPlUo3TQ3JwwTjDIVWEjv,2017-09-29,2iVKGetYUZQElKZKWECyF4,Larry The Cable Guy,290216.0,False,We've Been Thinking,My Wife Keeps Me Young
8619,5TVWVF2LqehTmSZI4nykXa,2010-01-01,5iNvbRVX9W8t1RpD2SHpAO,Tom Lehrer,175346.0,False,The Rest Of Tom Lehrer,The Masochism Tango
8659,3W961WM6yLKSsypvPVKMW7,1995-05-02,5alRKXufstWwyHsyQbpi9n,George Carlin,279560.0,False,Killer Carlin,Mothers Club
8772,7sVq6A567VsbqrXa2MhtbX,1998-04-04,0NnoRcD3WkqC9aouHyE8YY,Trey Parker,48533.0,False,Cannibal! The Musical (Original Motion Picture Soundtrack),Noon Is Horny (Dialogue)
8802,0juUSclthG44lKoSV2f9w6,2004-07-06,7zOcRYg1BYXpwr71XTWNr7,Jeff Foxworthy,517720.0,False,Have Your Loved Ones Spayed Or Neutered,Have Your Loved Ones Spayed Or Neutered
8820,4S7QHx2yZ0DZlm9MkYPLi6,2010-03-26,4OrieSJUghNfNx5UuPCgxF,Robin Williams,129906.0,True,Weapons Of Self Destruction,What's Up DC?!? Chicago/Rio Olympics - Explicit Audio
9211,1QO5AZ8YYKJtiIczV8VXFI,2005-02-08,1enLi8njBlk1YlDg44MtJm,Allan Sherman,306933.0,False,For Swingin' Livers Only,America's A Nice Italian Name
9335,5fs8kro3zyfW8ylTQ2arwi,2013-05-28,1xlkcCr7PNHw2dRG1Gm6YF,Ron White,324557.0,True,A Little Unprofessional,Pot Bust 2/Run over by Bus/Killer Whale/Whale Sushi
9431,0fTCiUV9wdM2FKFtCzCFRr,1994,2v7Q2VJ6Xo1rwwhfJ6piQw,Bob Rivers,131560.0,False,Bob Rivers & Twisted Radio - Twisted Christmas Boxed Set,The Chimney Song
9483,3eOHSEMPmu4Gxpw4byaYK9,2009-05-19,6RAiPa076RxBeTBxWO8Xfh,Dane Cook,190240.0,True,ISolated INcident,Mom And Pops
9540,3E1qFum67SdVeyin7Jk6r4,2004-07-06,7zOcRYg1BYXpwr71XTWNr7,Jeff Foxworthy,156733.0,False,Have Your Loved Ones Spayed Or Neutered,Grocery Store
9640,5TSnV3EXwuKi3owhSq9WY0,2010-03-26,4OrieSJUghNfNx5UuPCgxF,Robin Williams,480386.0,True,Weapons Of Self Destruction,Technology - Explicit Audio
9650,16HD5e6OAjqc2sggGijxAU,1986-06-15,39DCa96o1cTaN0uxasrhk1,Sam Kinison,164813.0,False,Louder Than Hell,Libya
9845,6sWOQoSO9nb7Sz8zVV85Xa,2017-09-29,2iVKGetYUZQElKZKWECyF4,Larry The Cable Guy,275493.0,False,We've Been Thinking,"Skeeters, Spiders and Lookalikes"
9889,7Ad1eHzGIMY9nz9xRkXrpz,1975,0zokIKbH4c7crvZP9Xel1Y,Richard Pryor,130000.0,True,That Nigger's Crazy,Wino Dealing With Dracula - Remastered Version
10128,0B35juE7TZiSssOvza5w6V,2013-05-28,1xlkcCr7PNHw2dRG1Gm6YF,Ron White,466399.0,True,A Little Unprofessional,Tiger
10278,1MyfNV2mYFMhoYYTHIKqXv,2009-10-02,1sCa5KANHoHo4NuGextoI9,Bill Engvall,191480.0,False,Aged And Confused (Standard),Shark Frenzy
10290,4atZxl8xhMA9Xritc1CsaY,2009-05-19,6RAiPa076RxBeTBxWO8Xfh,Dane Cook,165186.0,True,ISolated INcident,Vernacular
10357,5gdkZfOTJqDVfGIo4QyHua,2008-04-20,4eQeZFlDU3froIAkzS6vnC,Jerry Seinfeld,67546.0,False,Jerry Seinfeld on Comedy,Robert Klein's Influence
10552,4fvjWN4iTBr7sQB1qponDE,2017-09-29,7zOcRYg1BYXpwr71XTWNr7,Jeff Foxworthy,206684.0,False,We've Been Thinking,The Only Prostate
10626,32XdVVy27qO7msKYDfI1SL,2001,49mU7Sl98U8MkECsd6zVq0,Bob Newhart,571440.0,False,Something Like This...The Bob Newhart Anthology,The Grace L. Ferguson Airline (And Storm Door Co.) - Live at the Hungry I/F
10659,2PqhFGq3B4otXAtXDIoWVQ,2008-04-20,4eQeZFlDU3froIAkzS6vnC,Jerry Seinfeld,200320.0,False,Jerry Seinfeld on Comedy,More Technique
10730,3VyIBNjSwUWqfMunOJBB1B,1986-06-15,39DCa96o1cTaN0uxasrhk1,Sam Kinison,164373.0,False,Louder Than Hell,Manson
10865,6TgZN51J1kNRrl9GooOU27,1975,0zokIKbH4c7crvZP9Xel1Y,Richard Pryor,70160.0,True,That Nigger's Crazy,Flying Saucers - Remastered
10887,6T0a4zJWa0ySBWcccRj1uY,1997-11-11,2v7Q2VJ6Xo1rwwhfJ6piQw,Bob Rivers,160746.0,False,"Best Of Twisted Tunes, Vol. 2",What If God Smoked Cannabis?
11196,2jFYZliykBEcWGKEe7B49c,2018-04-17,5ugjlc51azqrMoBLLbOnIg,The Smothers Brothers,159264.0,False,"Just for Laughs: Classics, Vol. 4 (Late '90s)",Lying Pilot (Jfl 1997)
11251,64M1H6c5dOTk88BO5OJama,1995-05-02,5alRKXufstWwyHsyQbpi9n,George Carlin,316026.0,False,Killer Carlin,The Cool World
11296,0cvrI7ZKAVQn9PZ4HHazZL,2010-11-15,2iVKGetYUZQElKZKWECyF4,Larry The Cable Guy,521706.0,False,The Best Of Larry The Cable Guy,Terrorist Or Toddler / Hooters And Hooters Airlines
11435,55vMFNzgqMP69RvOaIoqfU,1990-01-01,7r0Otd9dEStSVIxJ02ml5a,The Simpsons,187866.0,False,The Simpsons Sing The Blues,Born Under A Bad Sign
11504,1nUYXORacrCDYbKSIsgnd4,2001-01-01,1Zq8pfBl4ejCMrWdeAdphc,Eddie Murphy,72906.0,False,Shrek,I'm A Believer (Reprise) - Soundtrack Version
11594,5sw0EM9hu2HPebQPKAo5f8,1973,0TorzrcTerTn7l5q9LVjmt,Cheech & Chong,37066.0,False,Los Cochinos,Evelyn Woodhead Speed Reading Course
12082,7ECha0KGv4HbhS1jBaiKMZ,1962,5ugjlc51azqrMoBLLbOnIg,The Smothers Brothers,168186.0,False,The Two Sides Of The Smothers Brothers,Chocolate
12104,6N5DRCQUSXT1qQqmqsO92B,1985,1Zq8pfBl4ejCMrWdeAdphc,Eddie Murphy,253293.0,False,How Could It Be,Party All the Time
12262,0LMQasA6Y5UEMuWzRY5aSX,2013-05-28,1xlkcCr7PNHw2dRG1Gm6YF,Ron White,290123.0,True,A Little Unprofessional,Good to Be in Austin/Airport Security/Broke Tooth
12301,3VjOxFL7hGiv3SM2568PLK,2008-04-20,4eQeZFlDU3froIAkzS6vnC,Jerry Seinfeld,208906.0,False,Jerry Seinfeld on Comedy,Writing
12318,4GI5pFsX9qL1uCCAEcHHVj,2006-01-09,1Zq8pfBl4ejCMrWdeAdphc,Eddie Murphy,190826.0,False,Dreamgirls (Music from the Motion Picture),I Meant You No Harm/Jimmy's Rap
12481,5kES9XNCcwvHnfvWqFAzAU,2004-07-06,7zOcRYg1BYXpwr71XTWNr7,Jeff Foxworthy,222013.0,False,Have Your Loved Ones Spayed Or Neutered,Oreo Generation
12499,4mvuwo6QgnXGupBq0K0PLJ,2008-07-01,7r0Otd9dEStSVIxJ02ml5a,The Simpsons,45935.0,False,TV Hits Volume 2,The Simpsons
12539,3P4zyST8S6eTuzO5MD05mj,2009-05-19,6RAiPa076RxBeTBxWO8Xfh,Dane Cook,84133.0,True,ISolated INcident,Adoption
12555,1VrMQb4xQekElMQnG7ph00,2000-01-01,1KrDd8tfcITeBIHGXXIx4s,Andrew Dice Clay,319093.0,True,Face Down Ass Up,Midgets 2000
12666,3Sc0IC4zdQTs22aImHEsSL,1990-01-01,7r0Otd9dEStSVIxJ02ml5a,The Simpsons,288266.0,False,The Simpsons Sing The Blues,Moanin' Lisa Blues
12677,63fy9uhsjEpCOJlsWJllBi,2009-10-02,1sCa5KANHoHo4NuGextoI9,Bill Engvall,404400.0,False,Aged And Confused (Standard),Clubbing At 50
12794,437jKWz0vrj2IE6PkCGhVm,1973,0TorzrcTerTn7l5q9LVjmt,Cheech & Chong,245333.0,False,Los Cochinos,Basketball Jones
12818,3EGeR00plmTgmXyTFF3kQy,1998-04-04,0NnoRcD3WkqC9aouHyE8YY,Trey Parker,158666.0,False,Cannibal! The Musical (Original Motion Picture Soundtrack),When I Was on Top of You
12859,0h8VqVljTdXdqtDOFkWdYL,1995-05-02,5alRKXufstWwyHsyQbpi9n,George Carlin,167466.0,False,Killer Carlin,Killer Carlin
12997,2ldwopQUfCiBeTG2kazF63,2010-03-26,4OrieSJUghNfNx5UuPCgxF,Robin Williams,324826.0,True,Weapons Of Self Destruction,"Fires, Weed And The Weather - Explicit Audio"
13063,1ffbbYhbGlXBZ7l2Iyzvcg,2000-08-29,2v7Q2VJ6Xo1rwwhfJ6piQw,Bob Rivers,133360.0,False,Chipmunks Roasting On An Open Fire,Who Put The Stump?
13083,4xYjAmp9LN1MP5sLMhN2rO,1986-06-15,39DCa96o1cTaN0uxasrhk1,Sam Kinison,207800.0,False,Louder Than Hell,Blind
13195,273TP6DHFKEKNvOY0MBvjO,1998-04-04,0NnoRcD3WkqC9aouHyE8YY,Trey Parker,143226.0,False,Cannibal! The Musical (Original Motion Picture Soundtrack),The Trapper Song
13256,4OGHz6ykDh22kSwRpHNePW,2005-02-08,1enLi8njBlk1YlDg44MtJm,Allan Sherman,215133.0,False,My Name Is Allan,Chim Chim Cheree
13421,0OcgKFM7LvLlJxdkmwGM3Q,2008-04-20,4eQeZFlDU3froIAkzS6vnC,Jerry Seinfeld,270173.0,False,Jerry Seinfeld on Comedy,Why Comedy
13483,5UpR8EQxMDWNhFunvf1SYn,2001,49mU7Sl98U8MkECsd6zVq0,Bob Newhart,430200.0,False,Something Like This...The Bob Newhart Anthology,Defusing A Bomb
13768,4x8tWcwaUvya2MePfp5IhR,2009-10-02,1sCa5KANHoHo4NuGextoI9,Bill Engvall,416746.0,False,Aged And Confused (Standard),School Bus Kid
13807,42D4UVpki8bn02cS01Ujcb,1975,0zokIKbH4c7crvZP9Xel1Y,Richard Pryor,208200.0,True,That Nigger's Crazy,I Hope I'm Funny - Remastered
13903,1AEtUU2feJBKfaz7YMMDND,2013-05-28,1xlkcCr7PNHw2dRG1Gm6YF,Ron White,321488.0,True,A Little Unprofessional,Library/Steal Music
13919,0c7566F2Aloxllc5ymgwWG,1975,0zokIKbH4c7crvZP9Xel1Y,Richard Pryor,101626.0,True,That Nigger's Crazy,Niggers vs. The Police - Remastered Version
13941,2Zrnjl3XLOPKsQ6Dj0BdwB,2007-02-27,1sCa5KANHoHo4NuGextoI9,Bill Engvall,174040.0,False,15° Off Cool (U.S. Version),Free Range Chicken
14127,15vdWYyZz70KHGv8u1856h,1990-01-01,1KrDd8tfcITeBIHGXXIx4s,Andrew Dice Clay,111066.0,True,The Day The Laughter Died,Holiday Season - Live At Dangerfield's/1989
14338,5y82o2UXmcAiiFnswD6Rz2,2010-01-01,5iNvbRVX9W8t1RpD2SHpAO,Tom Lehrer,109373.0,False,The Rest Of Tom Lehrer,The Hunting Song
14573,502qEBc2o9JlHRTkCz06Dy,2000-01-01,1KrDd8tfcITeBIHGXXIx4s,Andrew Dice Clay,197773.0,True,Face Down Ass Up,Sid And The Oriental
14620,7ykCob74vKfpc4ECA3nLCV,2008-04-20,4eQeZFlDU3froIAkzS6vnC,Jerry Seinfeld,245706.0,False,Jerry Seinfeld on Comedy,First Tonight Show Shot
14687,39Xdcux5VHtwBtkKeU9Apr,2010-03-26,4OrieSJUghNfNx5UuPCgxF,Robin Williams,369973.0,True,Weapons Of Self Destruction,Healthcare And Heart Surgery - Explicit Audio
14691,4f80LjiI9fgwCahAhEOuYk,1998-01-01,1Bd4UVlqlaKEXYRG3wgrCK,Steve Martin,172493.0,False,The Prince of Egypt,Playing With The Big Boys - The Prince Of Egypt/Soundtrack Version
14703,0zMMsJbmru0vAVLk1K7g41,1986-06-15,39DCa96o1cTaN0uxasrhk1,Sam Kinison,395626.0,False,Louder Than Hell,Relationships
14906,6YCBTYhsZZgze0AfNcbdZS,2007-01-01,7r0Otd9dEStSVIxJ02ml5a,The Simpsons,83320.0,False,Testify (Original Music From The Television Series,"""The Simpsons"" Main Title Theme"
14934,3xbuMWEXDgUTdJjBTAZM0O,1986-06-15,39DCa96o1cTaN0uxasrhk1,Sam Kinison,179160.0,False,Louder Than Hell,Big Menu
15074,09YSrw8vT4R1l2nNGpX7cO,2017-09-29,7zOcRYg1BYXpwr71XTWNr7,Jeff Foxworthy,123665.0,False,We've Been Thinking,The Most Valuable Thing on the Planet
15317,00YjypeaEdxsrowetGmObK,2004-07-06,7zOcRYg1BYXpwr71XTWNr7,Jeff Foxworthy,194320.0,False,Have Your Loved Ones Spayed Or Neutered,Airport Security And Car Rentals
15338,0PhZOo11RIVTNnlAjcRwLV,2008-04-01,5alRKXufstWwyHsyQbpi9n,George Carlin,131440.0,True,It's Bad For Ya,He's Smiling Down
15476,22H4FSYt6lqiS2KHyrMq9P,2013-05-28,1xlkcCr7PNHw2dRG1Gm6YF,Ron White,341608.0,True,A Little Unprofessional,Tater Tot/Peed in My Face/Busted with Porn/Sex Talk
15544,4cU1lXw3ySe1dG7FNOvy1H,1978,0TorzrcTerTn7l5q9LVjmt,Cheech & Chong,83693.0,False,Cheech & Chong,Dave
15662,49rssvpS0WiFjorZ8OtVIx,1975,0zokIKbH4c7crvZP9Xel1Y,Richard Pryor,227706.0,True,...Is It Something I Said?,Eulogy - Remastered
15765,3P06pRG3fiBzlFjOPV0WMU,2017-09-22,1Bd4UVlqlaKEXYRG3wgrCK,Steve Martin,198080.0,False,“The Long-Awaited Album”,Caroline
15994,4UcX2kpG5qxRhd1x8v21eZ,2017-09-29,7zOcRYg1BYXpwr71XTWNr7,Jeff Foxworthy,227845.0,False,We've Been Thinking,Common Sense
16211,18yHxT4ZwGg6401pwwzAhJ,1979-09-14,1Bd4UVlqlaKEXYRG3wgrCK,Steve Martin,186226.0,False,Comedy Is Not Pretty,Googlephonics
16213,64cnFm85grtjzB1KwT2CzX,2009-10-02,1sCa5KANHoHo4NuGextoI9,Bill Engvall,366533.0,False,Aged And Confused (Standard),Pick My Nose
16426,2Jry3fgWXHschUbMKieOCk,1990-01-01,7r0Otd9dEStSVIxJ02ml5a,The Simpsons,157760.0,False,The Simpsons Sing The Blues,Springfield Soul Stew
16468,7vO9UBO6G0iDSyfhlE6YuW,1986-06-15,39DCa96o1cTaN0uxasrhk1,Sam Kinison,247266.0,False,Louder Than Hell,World Hungry
16473,7MMySvTOkdgkCFjoj4NVIG,2011-01-01,5ugjlc51azqrMoBLLbOnIg,The Smothers Brothers,307146.0,False,"Golden Hits Of The Smothers Brothers, Vol. 2",I Talk To The Trees
16862,1sUu5b183phz8KJ6lsIQq7,1998-04-04,0NnoRcD3WkqC9aouHyE8YY,Trey Parker,106200.0,False,Cannibal! The Musical (Original Motion Picture Soundtrack),Shpadoinkle
16990,2Od3hkKwZl831g0TZR6v22,1986-01-01,1Bd4UVlqlaKEXYRG3wgrCK,Steve Martin,148960.0,False,Little Shop Of Horrors (Original Motion Picture Soundtrack),Dentist!
17099,0vWVOgKF7WtBaANw2FOizG,2009-10-02,1sCa5KANHoHo4NuGextoI9,Bill Engvall,411386.0,False,Aged And Confused (Standard),Aged And Confused
17350,6VcHu9VLTVG84W6zUIsyOL,2001,49mU7Sl98U8MkECsd6zVq0,Bob Newhart,498840.0,False,Something Like This...The Bob Newhart Anthology,Retirement Party
17457,16MS3yh0e9AaKh7XQdaw6g,2008-04-01,5alRKXufstWwyHsyQbpi9n,George Carlin,156693.0,True,It's Bad For Ya,Things We Say When People Die
17516,3uSDkw8cxKpFUMd4fuKHXt,1990-01-01,7r0Otd9dEStSVIxJ02ml5a,The Simpsons,236293.0,False,The Simpsons Sing The Blues,School Day
17661,2Vo28PCuSInCfdZ2WMHVPL,2006-01-17,1enLi8njBlk1YlDg44MtJm,Allan Sherman,174653.0,False,Rhino Hi-Five: Allan Sherman,"Hello Muddah, Hello Faddah (A Letter from Camp) - Remastered Version"
17735,3mmWSpEH6EEahRpY3zyzMR,2001,49mU7Sl98U8MkECsd6zVq0,Bob Newhart,378093.0,False,Something Like This...The Bob Newhart Anthology,Bus Drivers School
17739,2kbXvO68VcmEXi5S2iQdvZ,2001,49mU7Sl98U8MkECsd6zVq0,Bob Newhart,488066.0,False,Something Like This...The Bob Newhart Anthology,Driving Instructor
17772,1MkoDZGHIBwg0f2QSEO8WK,1963,1enLi8njBlk1YlDg44MtJm,Allan Sherman,197333.0,False,Allan Sherman Nutty But Nice,Return to Camp Granada
17852,6Wa6HAeptA7EgReolBay2A,2000-08-29,2v7Q2VJ6Xo1rwwhfJ6piQw,Bob Rivers,92866.0,False,Chipmunks Roasting On An Open Fire,Pokemon
18185,0xImdhrrze8L2UPj9r9KbA,1993-01-01,1dHjpeh9OKBf1Jfg8dmO1T,Denis Leary,329133.0,False,No Cure For Cancer,Smoke
18442,3sSv9GZ8wnawrk9U5cRHlN,1988-06-15,39DCa96o1cTaN0uxasrhk1,Sam Kinison,220040.0,False,Have You Seen Me Lately?,Sexual Diaries
18594,5i0BBU8OZdD7EkYeA5WrSq,1993-01-01,1dHjpeh9OKBf1Jfg8dmO1T,Denis Leary,266173.0,False,No Cure For Cancer,Asshole
18623,7BbGK1kF7hwZOs6C8yCaqk,2001,49mU7Sl98U8MkECsd6zVq0,Bob Newhart,196360.0,False,Something Like This...The Bob Newhart Anthology,Merchandising The Wright Brothers
18748,1hzX9XGLI1dp2GgFYbNY8Z,1994,2v7Q2VJ6Xo1rwwhfJ6piQw,Bob Rivers,96306.0,False,Bob Rivers & Twisted Radio - Twisted Christmas Boxed Set,"The Restroom Door Said, ""Gentleman"""
18809,14o1Oh6lrCBwBpN0qjJqfo,2005-02-08,1enLi8njBlk1YlDg44MtJm,Allan Sherman,516333.0,False,Allan In Wonderland,Good Advice
18835,18uAoDSII8aTkj83riTcKZ,1990-01-01,1KrDd8tfcITeBIHGXXIx4s,Andrew Dice Clay,131000.0,True,The Day The Laughter Died,First Kiss - Live At Dangerfield's/1989
19051,5iM1Csh4jiBHdt0TCnjB4Z,1990-01-01,7r0Otd9dEStSVIxJ02ml5a,The Simpsons,310706.0,False,The Simpsons Sing The Blues,Do The Bartman
19101,0blIe8ZSUusQfh4hvBNWoD,1982,0zokIKbH4c7crvZP9Xel1Y,Richard Pryor,681706.0,True,Live On The Sunset Strip,"Women (Remastered) - Live at Circle Star Theatre, San Carlos, CA. 12/81"
19128,1guOz4Yn80sUJ9UXYlH0D0,2008-04-20,4eQeZFlDU3froIAkzS6vnC,Jerry Seinfeld,205546.0,False,Jerry Seinfeld on Comedy,Comedy Club Training
19344,1m4QKTmZMZkKJRzt8InA41,1993-01-01,1dHjpeh9OKBf1Jfg8dmO1T,Denis Leary,217560.0,False,No Cure For Cancer,Voices In My Head
19399,0g6U9V3GcousRcC0kqC3Xw,2004-07-06,7zOcRYg1BYXpwr71XTWNr7,Jeff Foxworthy,506280.0,False,Have Your Loved Ones Spayed Or Neutered,I'm Next In Line
19503,3nBtxlpuwqiOqt3lqk3KJJ,2009-05-19,6RAiPa076RxBeTBxWO8Xfh,Dane Cook,270226.0,True,ISolated INcident,Haters
19701,5CNdQVpL6FMWuLx5Ol3ecU,1978,0TorzrcTerTn7l5q9LVjmt,Cheech & Chong,55826.0,False,Up In Smoke (Motion Picture Soundtrack) [40th Anniversary Edition],Up In Smoke - Reprise
19797,1daIKwGq3vLU5qlFj8NQld,2000-01-01,1KrDd8tfcITeBIHGXXIx4s,Andrew Dice Clay,462360.0,True,Face Down Ass Up,"He Said, She Said"
19851,6kRHIQdAM9iCW7OCYeUKdZ,2001,49mU7Sl98U8MkECsd6zVq0,Bob Newhart,454666.0,False,Something Like This...The Bob Newhart Anthology,Abe Lincoln vs. Madison Avenue
19935,3rNLX7c3ahL2QHVDuvbPYH,1972,0TorzrcTerTn7l5q9LVjmt,Cheech & Chong,215866.0,False,Big Bambu,Sister Mary Elephant
19979,3EC7AzV6p8ad56pN2BzCBG,1963,1enLi8njBlk1YlDg44MtJm,Allan Sherman,207466.0,False,Allan Sherman Nutty But Nice,On the First Day of Christmas
20145,5AnAckNhIW6PDssLmnhujX,2010-11-15,2iVKGetYUZQElKZKWECyF4,Larry The Cable Guy,298040.0,False,The Best Of Larry The Cable Guy,Poop Lasagna / Midgets And Gay Bars / Girls I've Dated
20342,6FSpunbdocjC4y9cZGPkfA,1965-01-01,5iNvbRVX9W8t1RpD2SHpAO,Tom Lehrer,119720.0,False,That Was The Year That Was,Who's Next?
20351,5lPSs89hKtGkoJ6zE4txLi,1997-01-01,1dHjpeh9OKBf1Jfg8dmO1T,Denis Leary,476973.0,True,Lock 'N Load,Coffee
20376,5n0YsQhOZUpRfwfMWDOdsG,2002,2v7Q2VJ6Xo1rwwhfJ6piQw,Bob Rivers,186093.0,False,White Trash Christmas,What If Eminem Did Jingle Bells?
20404,2jDKaPvf0I2hCENkw3AkQg,2004-07-06,7zOcRYg1BYXpwr71XTWNr7,Jeff Foxworthy,589080.0,False,Have Your Loved Ones Spayed Or Neutered,T.V. And Its Side Effects
20565,19mG989UMRSO457IjWwnpv,1993-01-01,1dHjpeh9OKBf1Jfg8dmO1T,Denis Leary,425533.0,False,No Cure For Cancer,More Drugs
20589,2yvQEvSOiB0CNUhZfsaP2X,1965-01-01,5iNvbRVX9W8t1RpD2SHpAO,Tom Lehrer,134333.0,False,That Was The Year That Was,The Vatican Rag
20590,4iq0TGsXh1cxcV2c28YyYf,2010-03-26,4OrieSJUghNfNx5UuPCgxF,Robin Williams,324760.0,True,Weapons Of Self Destruction,"Sarah Palin, The Clintons, And Jack - Explicit Audio"
20652,1xZQIhw4zP1xRo8zMxQfzC,1986-06-15,39DCa96o1cTaN0uxasrhk1,Sam Kinison,163360.0,False,Louder Than Hell,Sexual Therapy
20728,0h77ANpLR0NY88Lx0bIJ9r,1998-04-04,0NnoRcD3WkqC9aouHyE8YY,Trey Parker,163373.0,False,Cannibal! The Musical (Original Motion Picture Soundtrack),That's All I'm Asking For
20770,0e4llYeeerWXGXoJqsPey0,2005-03-29,2iVKGetYUZQElKZKWECyF4,Larry The Cable Guy,111333.0,False,The Right To Bare Arms,Hank Williams Jr. High School
20788,0fGg0vT50xptYpFbQlUa4L,2017-09-29,2iVKGetYUZQElKZKWECyF4,Larry The Cable Guy,230361.0,False,We've Been Thinking,Health and Wellness
20793,1yG75JLdGlOb96pYk3ObmX,1993-01-01,1dHjpeh9OKBf1Jfg8dmO1T,Denis Leary,243333.0,False,No Cure For Cancer,Meat
20903,7r8dCDGsujdhbKh0JIuS55,1986-06-15,39DCa96o1cTaN0uxasrhk1,Sam Kinison,267706.0,False,Louder Than Hell,Devil
20905,2AaQPcshnqh1uFqwLl6b7e,1995-05-02,5alRKXufstWwyHsyQbpi9n,George Carlin,241573.0,False,Killer Carlin,Capt. Jack & Jolly George
21011,6OHrDP0TeebDC5lKJtDm3I,2008-04-20,4eQeZFlDU3froIAkzS6vnC,Jerry Seinfeld,168440.0,False,Jerry Seinfeld on Comedy,First Time Funny
21103,2n6F47Rq5oGVV2Y2ZcheUU,2009-10-02,1sCa5KANHoHo4NuGextoI9,Bill Engvall,272853.0,False,Aged And Confused (Standard),Bad Turbulence
21157,29vnfwpI3WnIUCGQk86dp3,2017-09-22,1Bd4UVlqlaKEXYRG3wgrCK,Steve Martin,181600.0,False,“The Long-Awaited Album”,So Familiar
21253,2r50fUs5UyjFmceDtUq239,1978,0TorzrcTerTn7l5q9LVjmt,Cheech & Chong,237040.0,True,Up In Smoke (Motion Picture Soundtrack) [40th Anniversary Edition],Up In Smoke 2018
21514,34EeGOT7id6MXP66SIisrT,2001,49mU7Sl98U8MkECsd6zVq0,Bob Newhart,320800.0,False,Something Like This...The Bob Newhart Anthology,Ledge Psychology
21929,5Dd2Zrew2gn1tzerRC31mF,2008-04-20,4eQeZFlDU3froIAkzS6vnC,Jerry Seinfeld,244120.0,False,Jerry Seinfeld on Comedy,Education
22156,5ZCgLgk3gwhHouZQOyFEhE,1990-01-01,7r0Otd9dEStSVIxJ02ml5a,The Simpsons,269200.0,False,The Simpsons Sing The Blues,God Bless The Child
22158,4CSdSnyPUkvhrAyFbWI78j,1978,0TorzrcTerTn7l5q9LVjmt,Cheech & Chong,145640.0,True,Up In Smoke (Motion Picture Soundtrack) [40th Anniversary Edition],Up In Smoke
22507,2NiRVgM1SIqilCMRdLea8l,2013-05-28,1xlkcCr7PNHw2dRG1Gm6YF,Ron White,191858.0,True,A Little Unprofessional,Love
22581,0MabmWuSTWotU8GFZEK5qp,2015-01-27,1Zq8pfBl4ejCMrWdeAdphc,Eddie Murphy,232346.0,False,Oh Jah Jah,Oh Jah Jah
22594,77xMByf0GeWa7E2zp2dCxL,1998-04-04,0NnoRcD3WkqC9aouHyE8YY,Trey Parker,99066.0,False,Cannibal! The Musical (Original Motion Picture Soundtrack),Let's Build a Snowman
22834,4oNK1Chm0IN8d42MQ3KRbG,2017-09-22,1Bd4UVlqlaKEXYRG3wgrCK,Steve Martin,119973.0,False,“The Long-Awaited Album”,Office Supplies
22847,72C5owbP4nLRWpEKYUZL3o,1993-01-01,1dHjpeh9OKBf1Jfg8dmO1T,Denis Leary,504933.0,False,No Cure For Cancer,Drugs
22940,6sVBfdmhr8SrqUJDynPZKQ,2017-09-22,1Bd4UVlqlaKEXYRG3wgrCK,Steve Martin,153106.0,False,“The Long-Awaited Album”,On The Water
22978,6Dm8KFeZ5RaYNmU5g8QdBt,1975,0zokIKbH4c7crvZP9Xel1Y,Richard Pryor,324226.0,True,That Nigger's Crazy,Nigger WIth A Seizure - Remastered Version
23077,2AIEpvCxO7cqxLsqBSkzFy,2011-01-01,5ugjlc51azqrMoBLLbOnIg,The Smothers Brothers,380240.0,False,The Songs And Comedy Of The Smothers Brothers At The Purple Onion!,I Wish I Wuz In Peoria/They Call The Wind Maria
23085,1Hil8CFzloVaqVu2HSm7u7,2016-01-04,1enLi8njBlk1YlDg44MtJm,Allan Sherman,162075.0,False,Allan Sherman Nutty but Nice,Hello Muddah Hello Fadduh Here I Am at Camp Granada
